Date,Deluxe Room,Deluxe Pool Access,Premiere Room,Premiere Room Lagoon Access,Family Premiere Room,Deluxe Suite Room,Premiere Suite Room,The Anvaya Suite No Pool,Beach Front Private Suite Room,The Anvaya Suite with Whirpool,The Anvaya Residence,The Anvaya Suite With Pool,The Anvaya Villa
2026-08-07,0.0,0.0,0.0,0.0,0.0,0.0,0.0,0.0,0.0,0.0,0.0,0.0,0.0
2026-08-08,0.0,0.0,0.0,0.0,0.0,0.0,0.0,0.0,0.0,0.0,0.0,0.0,0.0
2026-08-09,5.0,1.0,32.0,1.0,2.0,2.0,2.0,0.0,1.0,0.0,0.0,1.0,1.0
2026-08-10,1.0,0.0,14.0,0.0,0.0,0.0,0.0,0.0,1.0,0.0,0.0,1.0,1.0
2026-08-11,0.0,0.0,0.0,0.0,0.0,0.0,0.0,0.0,1.0,0.0,0.0,2.0,1.0
2026-08-12,0.0,0.0,0.0,0.0,0.0,0.0,0.0,0.0,0.0,0.0,0.0,0.0,0.0
2026-08-13,0.0,0.0,0.0,0.0,0.0,0.0,0.0,2.0,0.0,1.0,0.0,1.0,1.0
2026-08-14,5.0,2.0,39.0,1.0,0.0,0.0,3.0,2.0,4.0,1.0,0.0,1.0,1.0
2026-08-15,2.0,0.0,39.0,1.0,1.0,1.0,2.0,2.0,3.0,1.0,1.0,1.0,1.0
2026-08-16,0.0,0.0,38.0,0.0,1.0,1.0,2.0,2.0,4.0,1.0,0.0,1.0,0.0
2026-08-17,18.0,4.0,37.0,2.0,0.0,1.0,3.0,2.0,4.0,1.0,1.0,1.0,0.0
2026-08-18,2.0,0.0,32.0,1.0,2.0,2.0,4.0,2.0,4.0,1.0,0.0,1.0,0.0
2026-08-19,0.0,1.0,32.0,1.0,2.0,1.0,4.0,2.0,4.0,1.0,0.0,1.0,0.0
2026-08-20,0.0,0.0,38.0,0.0,2.0,1.0,3.0,2.0,4.0,1.0,0.0,1.0,0.0
2026-08-21,15.0,0.0,39.0,0.0,2.0,1.0,3.0,2.0,4.0,1.0,0.0,1.0,0.0
2026-08-22,20.0,0.0,0.0,0.0,0.0,0.0,0.0,2.0,2.0,1.0,0.0,1.0,0.0
2026-08-23,4.0,0.0,24.0,0.0,0.0,2.0,3.0,2.0,3.0,2.0,1.0,1.0,0.0
2026-08-24,2.0,0.0,21.0,1.0,0.0,2.0,3.0,2.0,3.0,2.0,0.0,1.0,0.0
2026-08-25,4.0,0.0,38.0,4.0,1.0,2.0,4.0,2.0,4.0,2.0,0.0,1.0,0.0
2026-08-26,1.0,1.0,38.0,3.0,3.0,2.0,4.0,2.0,4.0,2.0,0.0,1.0,0.0
2026-08-27,1.0,0.0,38.0,3.0,3.0,2.0,4.0,2.0,4.0,2.0,0.0,1.0,1.0
2026-08-28,1.0,0.0,23.0,4.0,1.0,2.0,1.0,2.0,4.0,2.0,0.0,1.0,1.0
2026-08-29,1.0,2.0,38.0,0.0,2.0,2.0,1.0,2.0,4.0,2.0,0.0,1.0,1.0
2026-08-30,30.0,2.0,38.0,4.0,3.0,2.0,4.0,2.0,4.0,2.0,1.0,1.0,1.0
2026-08-31,30.0,2.0,39.0,5.0,3.0,1.0,4.0,2.0,4.0,2.0,1.0,1.0,1.0
2026-09-01,19.0,0.0,40.0,5.0,3.0,1.0,4.0,2.0,4.0,2.0,1.0,1.0,1.0
2026-09-02,28.0,2.0,40.0,4.0,2.0,1.0,4.0,2.0,4.0,1.0,1.0,1.0,1.0
2026-09-03,0.0,0.0,0.0,0.0,0.0,0.0,0.0,2.0,0.0,1.0,1.0,1.0,1.0
2026-09-04,2.0,2.0,35.0,3.0,0.0,0.0,2.0,2.0,3.0,1.0,1.0,1.0,0.0
2026-09-05,2.0,0.0,40.0,2.0,0.0,2.0,4.0,2.0,3.0,1.0,0.0,1.0,1.0
2026-09-06,2.0,0.0,40.0,5.0,1.0,2.0,3.0,2.0,4.0,1.0,1.0,1.0,1.0
2026-09-07,0.0,0.0,0.0,3.0,1.0,0.0,1.0,2.0,4.0,1.0,1.0,1.0,1.0
2026-09-08,0.0,0.0,0.0,5.0,2.0,1.0,2.0,2.0,4.0,1.0,1.0,1.0,0.0
2026-09-09,0.0,0.0,0.0,0.0,0.0,0.0,0.0,1.0,2.0,0.0,0.0,0.0,0.0
2026-09-10,0.0,0.0,5.0,6.0,3.0,0.0,0.0,2.0,3.0,2.0,1.0,1.0,1.0
2026-09-11,0.0,0.0,40.0,6.0,2.0,2.0,2.0,2.0,3.0,2.0,1.0,1.0,1.0
2026-09-12,2.0,1.0,38.0,6.0,3.0,2.0,4.0,2.0,2.0,2.0,1.0,1.0,1.0
2026-09-13,2.0,2.0,38.0,6.0,3.0,2.0,4.0,2.0,3.0,2.0,1.0,1.0,1.0
2026-09-14,2.0,0.0,38.0,3.0,2.0,2.0,4.0,2.0,3.0,2.0,1.0,1.0,1.0
2026-09-15,2.0,0.0,36.0,3.0,2.0,2.0,3.0,2.0,3.0,2.0,1.0,1.0,1.0
2026-09-16,2.0,1.0,28.0,0.0,1.0,2.0,2.0,2.0,3.0,2.0,1.0,1.0,1.0
2026-09-17,2.0,1.0,29.0,0.0,1.0,2.0,3.0,2.0,3.0,2.0,1.0,1.0,1.0
2026-09-18,2.0,2.0,36.0,0.0,1.0,2.0,4.0,2.0,2.0,2.0,1.0,1.0,1.0
2026-09-19,2.0,1.0,40.0,2.0,1.0,2.0,3.0,2.0,2.0,2.0,1.0,1.0,1.0
2026-09-20,2.0,0.0,40.0,1.0,1.0,2.0,2.0,2.0,2.0,2.0,1.0,1.0,0.0
2026-09-21,1.0,3.0,40.0,0.0,0.0,2.0,2.0,2.0,2.0,2.0,1.0,1.0,0.0
2026-09-22,1.0,2.0,39.0,2.0,0.0,1.0,2.0,2.0,2.0,2.0,1.0,1.0,1.0
2026-09-23,1.0,0.0,33.0,0.0,1.0,1.0,2.0,2.0,2.0,2.0,0.0,1.0,1.0
2026-09-24,1.0,0.0,31.0,0.0,0.0,1.0,2.0,2.0,2.0,2.0,0.0,1.0,1.0
2026-09-25,1.0,0.0,38.0,0.0,0.0,2.0,2.0,2.0,2.0,2.0,0.0,1.0,1.0
2026-09-26,1.0,0.0,38.0,5.0,1.0,2.0,2.0,2.0,2.0,2.0,0.0,1.0,0.0
2026-09-27,2.0,2.0,19.0,5.0,1.0,1.0,0.0,2.0,3.0,2.0,0.0,1.0,1.0
2026-09-28,2.0,2.0,35.0,5.0,1.0,1.0,2.0,2.0,3.0,2.0,1.0,1.0,1.0
2026-09-29,2.0,2.0,39.0,5.0,0.0,1.0,2.0,2.0,3.0,2.0,1.0,1.0,1.0
2026-09-30,2.0,1.0,39.0,5.0,1.0,2.0,2.0,2.0,2.0,2.0,1.0,1.0,1.0
2026-10-01,2.0,1.0,39.0,4.0,1.0,2.0,3.0,2.0,2.0,2.0,1.0,1.0,1.0
2026-10-02,20.0,2.0,39.0,4.0,1.0,2.0,3.0,2.0,3.0,2.0,0.0,1.0,1.0
2026-10-03,2.0,1.0,39.0,4.0,1.0,2.0,4.0,2.0,3.0,2.0,0.0,1.0,1.0
2026-10-04,2.0,0.0,39.0,4.0,1.0,2.0,3.0,2.0,2.0,2.0,0.0,1.0,1.0
2026-10-05,29.0,0.0,39.0,9.0,2.0,2.0,3.0,2.0,2.0,2.0,1.0,1.0,1.0
2026-10-06,2.0,0.0,38.0,9.0,3.0,2.0,4.0,2.0,4.0,2.0,1.0,1.0,1.0
2026-10-07,2.0,0.0,38.0,9.0,2.0,2.0,4.0,2.0,4.0,2.0,0.0,1.0,1.0
2026-10-08,2.0,0.0,40.0,9.0,1.0,2.0,4.0,1.0,4.0,2.0,1.0,1.0,1.0
2026-10-09,0.0,0.0,0.0,0.0,0.0,0.0,0.0,0.0,0.0,0.0,0.0,0.0,0.0
2026-10-10,0.0,0.0,0.0,0.0,0.0,0.0,0.0,0.0,0.0,0.0,0.0,0.0,0.0
2026-10-11,0.0,0.0,0.0,0.0,0.0,1.0,1.0,1.0,2.0,2.0,1.0,1.0,1.0
2026-10-12,36.0,2.0,39.0,8.0,2.0,2.0,3.0,2.0,2.0,2.0,1.0,1.0,1.0
2026-10-13,36.0,2.0,38.0,4.0,2.0,2.0,3.0,2.0,2.0,2.0,1.0,1.0,1.0
2026-10-14,37.0,0.0,38.0,5.0,1.0,2.0,2.0,2.0,2.0,2.0,1.0,1.0,1.0
2026-10-15,15.0,0.0,37.0,0.0,1.0,2.0,2.0,2.0,2.0,2.0,0.0,1.0,1.0
2026-10-16,16.0,0.0,37.0,0.0,1.0,1.0,2.0,2.0,2.0,2.0,0.0,1.0,1.0
2026-10-17,39.0,0.0,38.0,3.0,1.0,1.0,2.0,2.0,2.0,2.0,1.0,1.0,1.0
2026-10-18,39.0,4.0,38.0,2.0,1.0,1.0,2.0,2.0,3.0,2.0,1.0,1.0,1.0
2026-10-19,29.0,2.0,38.0,4.0,1.0,1.0,2.0,2.0,4.0,2.0,1.0,1.0,1.0
2026-10-20,20.0,1.0,38.0,4.0,1.0,1.0,2.0,2.0,4.0,2.0,1.0,1.0,1.0
2026-10-21,2.0,0.0,38.0,0.0,0.0,1.0,3.0,2.0,4.0,2.0,1.0,1.0,1.0
2026-10-22,2.0,1.0,40.0,4.0,0.0,1.0,3.0,2.0,4.0,2.0,1.0,1.0,1.0
2026-10-23,2.0,1.0,40.0,5.0,0.0,2.0,3.0,2.0,4.0,2.0,1.0,1.0,1.0
2026-10-24,2.0,2.0,40.0,8.0,2.0,2.0,4.0,2.0,3.0,2.0,1.0,1.0,1.0
2026-10-25,2.0,2.0,40.0,8.0,2.0,2.0,4.0,2.0,2.0,2.0,1.0,1.0,1.0
2026-10-26,2.0,2.0,40.0,8.0,2.0,2.0,4.0,2.0,3.0,2.0,1.0,1.0,1.0
2026-10-27,2.0,2.0,20.0,8.0,3.0,2.0,4.0,2.0,2.0,2.0,1.0,1.0,1.0
2026-10-28,2.0,2.0,40.0,8.0,3.0,2.0,4.0,2.0,2.0,2.0,1.0,1.0,1.0
2026-10-29,2.0,2.0,40.0,8.0,3.0,2.0,4.0,2.0,2.0,2.0,1.0,1.0,1.0
2026-10-30,2.0,5.0,40.0,8.0,3.0,2.0,4.0,2.0,3.0,2.0,1.0,1.0,1.0
2026-10-31,40.0,5.0,39.0,10.0,3.0,2.0,4.0,2.0,4.0,2.0,1.0,1.0,1.0
2026-11-01,40.0,5.0,39.0,10.0,3.0,2.0,4.0,2.0,4.0,2.0,1.0,1.0,1.0
2026-11-02,40.0,5.0,40.0,10.0,3.0,2.0,4.0,2.0,4.0,2.0,1.0,1.0,1.0
2026-11-03,40.0,5.0,40.0,10.0,3.0,2.0,4.0,2.0,4.0,2.0,1.0,1.0,1.0
2026-11-04,40.0,5.0,40.0,10.0,3.0,2.0,4.0,2.0,4.0,2.0,1.0,1.0,1.0
2026-11-05,40.0,8.0,40.0,10.0,3.0,2.0,4.0,2.0,4.0,2.0,1.0,1.0,1.0
2026-11-06,40.0,8.0,40.0,10.0,3.0,2.0,4.0,2.0,3.0,2.0,1.0,1.0,1.0
2026-11-07,40.0,8.0,40.0,10.0,3.0,2.0,4.0,2.0,3.0,2.0,1.0,1.0,1.0
2026-11-08,40.0,8.0,40.0,10.0,3.0,2.0,4.0,2.0,3.0,2.0,1.0,1.0,1.0
2026-11-09,40.0,8.0,40.0,10.0,3.0,2.0,4.0,2.0,3.0,2.0,1.0,1.0,1.0
2026-11-10,40.0,8.0,40.0,10.0,3.0,2.0,4.0,2.0,3.0,2.0,1.0,1.0,1.0
2026-11-11,40.0,8.0,40.0,10.0,3.0,2.0,4.0,2.0,3.0,2.0,1.0,1.0,1.0
2026-11-12,40.0,8.0,40.0,10.0,3.0,2.0,4.0,2.0,4.0,2.0,1.0,1.0,1.0
2026-11-13,40.0,8.0,40.0,10.0,3.0,2.0,4.0,2.0,4.0,2.0,1.0,1.0,1.0
2026-11-14,40.0,8.0,40.0,10.0,3.0,2.0,4.0,2.0,4.0,2.0,1.0,1.0,1.0
2026-11-15,40.0,8.0,40.0,10.0,3.0,2.0,4.0,2.0,3.0,2.0,1.0,1.0,1.0
